Event Type	Timestamp	Table Name	Description
TASK_STOP	2025-11-11 23:48:38.699914		
TASK_TABLE_LOAD_FINISHED	2025-11-11 23:14:40.749361	ecommerce_db.product	
TASK_FULL_LOAD_FINISHED	2025-11-11 23:14:40.749361		
TASK_TABLE_LOAD_FINISHED	2025-11-11 23:14:40.633187	ecommerce_db.orders	
TASK_TABLE_LOAD_STARTED	2025-11-11 23:14:40.595845	ecommerce_db.product	
TASK_TABLE_LOAD_FINISHED	2025-11-11 23:14:40.582046	ecommerce_db.order_items	
TASK_TABLE_LOAD_STARTED	2025-11-11 23:14:40.484819	ecommerce_db.orders	
TASK_TABLE_LOAD_STARTED	2025-11-11 23:14:40.477857	ecommerce_db.order_items	
TASK_TABLE_LOAD_FINISHED	2025-11-11 23:14:40.463916	ecommerce_db.customers	
TASK_TABLE_LOAD_STARTED	2025-11-11 23:14:40.355380	ecommerce_db.customers	
TASK_FULL_LOAD_STARTED	2025-11-11 23:14:39.964670		
TASK_FULL_LOAD_ALLOWED	2025-11-11 23:14:39.948575		
TASK_START	2025-11-11 23:14:39.317997		
